i,r_mean,r_std,r_total,pnl_mean,pnl_std,pnl_last
0,-0.0013404906232243805,0.06447504768440152,-0.04155520931995582,0.03845553990643709,0.0653639080543854,-0.04155520931995582
1,0.04558698966362011,0.09135877826723596,1.4131966795722235,0.6255307652050548,0.3900223561208022,1.4131966795722235
2,0.1039506017294842,0.14694520940294636,3.22246865361401,2.3381707814996737,0.920852439219881,3.22246865361401
3,-0.023437858662950322,0.13890009759149283,-0.72657361855146,-0.7451551545609092,0.16833370322258095,-0.72657361855146
4,-0.03438026050708458,0.2248431050121204,-1.0657880757196214,-1.0215953724401452,0.6485900238839439,-1.0657880757196214
