i,r_mean,r_std,r_total,pnl_mean,pnl_std,pnl_last
0,-0.03472220615437277,0.08308523677211065,-1.0763883907855556,-0.7761949027589188,0.4167609656350617,-1.0763883907855556
1,-0.002546221075640129,0.04717470829541083,-0.07893285334484403,0.10577954466181352,0.13138961290237458,-0.07893285334484403
2,0.0297769532511702,0.11457468297375226,0.9230855507862762,0.3506353549694385,0.29819604216907336,0.9230855507862762
3,-0.03641868650322221,0.08226837292639572,-1.1289792815998887,-0.533853162988923,0.2907870404582252,-1.1289792815998887
4,0.015552609231713102,0.10873692406746462,0.4821308861831062,0.04391776320657643,0.16120861476288317,0.4821308861831062
